"Symbol  ","Series  ","Date  ","Prev Close  ","Open Price  ","High Price  ","Low Price  ","Last Price  ","Close Price  ","Average Price ","Total Traded Quantity  ","Turnover ₹  ","No. of Trades  ","Deliverable Qty  ","% Dly Qt to Traded Qty  "
"ICICIBANK","EQ","01-Apr-2022","730.30","725.00","738.30","723.10","736.00","736.25","732.49","12,658,848","9,272,488,843.50","227,312","6,540,160","51.66"
"ICICIBANK","EQ","04-Apr-2022","736.25","742.00","749.80","725.00","745.15","746.60","742.40","17,192,197","12,763,481,384.40","196,009","8,818,007","51.29"
"ICICIBANK","EQ","05-Apr-2022","746.60","746.80","755.45","738.00","739.25","741.80","747.59","12,290,391","9,188,125,354.45","215,134","6,739,260","54.83"
"ICICIBANK","EQ","06-Apr-2022","741.80","732.30","744.90","732.10","739.55","741.60","739.21","13,518,142","9,992,682,773.20","199,736","7,649,180","56.58"
"ICICIBANK","EQ","07-Apr-2022","741.60","737.10","757.80","737.10","748.90","748.55","749.80","15,087,175","11,312,289,247.20","277,671","8,736,241","57.91"
"ICICIBANK","EQ","08-Apr-2022","748.55","749.85","756.00","743.60","754.30","754.30","751.07","15,480,705","11,627,136,097.60","244,539","9,254,974","59.78"
"ICICIBANK","EQ","11-Apr-2022","754.30","752.30","765.45","751.65","760.50","759.60","760.61","13,216,391","10,052,525,613.20","214,119","7,748,582","58.63"
"ICICIBANK","EQ","12-Apr-2022","759.60","757.00","768.90","750.25","764.00","763.85","759.11","14,020,000","10,642,668,401.30","311,639","8,212,347","58.58"
"ICICIBANK","EQ","13-Apr-2022","763.85","769.60","772.55","760.70","761.55","762.25","766.95","16,119,956","12,363,241,052.60","246,413","10,867,093","67.41"
"ICICIBANK","EQ","18-Apr-2022","762.25","751.00","762.90","749.20","759.00","757.80","756.10","17,651,530","13,346,374,641.85","327,929","12,321,755","69.81"
"ICICIBANK","EQ","19-Apr-2022","757.80","761.80","777.90","757.00","759.85","766.30","769.60","31,088,359","23,925,507,986.90","279,125","23,005,104","74.00"
"ICICIBANK","EQ","20-Apr-2022","766.30","766.80","770.00","753.80","756.70","755.55","760.35","15,984,202","12,153,512,822.65","260,447","10,676,808","66.80"
"ICICIBANK","EQ","21-Apr-2022","755.55","759.05","764.20","751.20","763.65","762.35","759.27","8,953,098","6,797,795,739.10","149,668","4,299,122","48.02"
"ICICIBANK","EQ","22-Apr-2022","762.35","757.00","758.85","745.90","747.00","747.65","751.55","14,411,607","10,831,059,862.80","242,371","9,329,530","64.74"
"ICICIBANK","EQ","25-Apr-2022","747.65","747.65","762.20","744.00","754.95","752.20","755.81","35,417,460","26,768,751,127.25","462,108","11,806,107","33.33"
"ICICIBANK","EQ","26-Apr-2022","752.20","768.00","768.55","751.65","753.65","753.75","757.66","18,727,514","14,189,039,414.35","322,505","9,809,754","52.38"
"ICICIBANK","EQ","27-Apr-2022","753.75","749.00","750.00","732.55","736.80","736.70","739.22","21,441,480","15,850,002,613.00","361,066","14,471,550","67.49"
"ICICIBANK","EQ","28-Apr-2022","736.70","739.10","751.90","734.65","747.50","747.15","743.82","18,649,559","13,871,852,697.90","214,320","10,869,911","58.29"
"ICICIBANK","EQ","29-Apr-2022","747.15","750.10","759.95","740.10","743.05","743.30","751.78","19,560,317","14,705,099,372.55","278,705","12,299,715","62.88"
"ICICIBANK","EQ","02-May-2022","743.30","732.00","743.80","731.10","741.05","741.00","738.77","10,903,446","8,055,114,368.75","236,797","6,561,901","60.18"
"ICICIBANK","EQ","04-May-2022","741.00","746.20","747.00","721.15","726.00","724.25","734.19","12,212,165","8,966,040,565.40","288,430","6,959,246","56.99"
"ICICIBANK","EQ","05-May-2022","724.25","730.80","743.00","726.50","727.20","728.80","734.16","9,121,547","6,696,703,759.80","227,919","4,746,607","52.04"
"ICICIBANK","EQ","06-May-2022","728.80","716.25","723.00","710.30","721.00","719.25","716.39","12,455,025","8,922,616,152.35","338,768","7,220,274","57.97"
"ICICIBANK","EQ","09-May-2022","719.25","705.30","720.00","704.45","711.10","710.35","712.39","13,055,889","9,300,841,142.30","184,930","7,662,368","58.69"
"ICICIBANK","EQ","10-May-2022","710.35","705.00","720.00","705.00","709.40","711.30","711.23","12,797,419","9,101,862,375.05","226,554","7,724,741","60.36"
"ICICIBANK","EQ","11-May-2022","711.30","718.00","719.80","707.15","716.70","714.20","714.34","13,516,852","9,655,684,320.15","237,100","7,654,536","56.63"
"ICICIBANK","EQ","12-May-2022","714.20","707.55","710.70","693.30","696.00","695.80","701.29","16,685,166","11,701,140,985.75","302,970","8,990,120","53.88"
"ICICIBANK","EQ","13-May-2022","695.80","702.40","702.40","675.00","676.40","677.35","689.67","15,717,043","10,839,506,087.30","312,889","8,610,043","54.78"
"ICICIBANK","EQ","16-May-2022","677.35","676.70","690.95","675.75","683.30","683.00","684.29","9,025,623","6,176,185,167.95","129,681","4,682,052","51.88"
"ICICIBANK","EQ","17-May-2022","683.00","686.10","712.00","685.15","711.65","710.00","703.33","12,765,052","8,978,026,583.05","240,721","7,734,389","60.59"
"ICICIBANK","EQ","18-May-2022","710.00","712.35","717.00","706.10","708.35","707.35","711.44","11,835,013","8,419,951,402.20","191,768","7,484,068","63.24"
"ICICIBANK","EQ","19-May-2022","707.35","693.10","698.70","685.60","690.40","690.30","692.41","16,661,023","11,536,184,441.05","208,897","11,581,153","69.51"
"ICICIBANK","EQ","20-May-2022","690.30","694.80","711.90","693.70","710.00","709.55","705.43","11,695,528","8,250,382,525.50","166,487","7,524,231","64.33"
"ICICIBANK","EQ","23-May-2022","709.55","709.55","725.95","707.45","709.00","711.05","718.01","17,438,451","12,520,925,059.45","174,401","11,705,804","67.13"
"ICICIBANK","EQ","24-May-2022","711.05","711.05","717.35","706.05","708.75","708.15","711.23","13,779,981","9,800,795,238.35","138,256","9,296,031","67.46"
"ICICIBANK","EQ","25-May-2022","708.15","712.05","720.85","711.60","714.30","713.35","716.18","10,457,589","7,489,565,195.70","160,029","5,639,350","53.93"
"ICICIBANK","EQ","26-May-2022","713.35","723.00","733.00","715.45","732.00","728.50","722.78","14,028,733","10,139,735,434.95","190,588","7,202,565","51.34"
"ICICIBANK","EQ","27-May-2022","728.50","733.55","741.20","731.25","740.00","739.80","737.09","8,110,620","5,978,279,333.55","139,564","4,201,520","51.80"
"ICICIBANK","EQ","30-May-2022","739.80","748.75","751.95","744.30","749.50","748.50","748.50","7,628,515","5,709,909,173.20","145,824","4,519,178","59.24"
"ICICIBANK","EQ","31-May-2022","748.50","741.00","756.70","740.50","748.50","752.85","752.17","20,272,212","15,248,188,599.70","150,537","15,358,824","75.76"
"ICICIBANK","EQ","01-Jun-2022","752.85","748.00","755.60","744.20","752.95","752.65","751.00","10,102,092","7,586,655,389.80","181,213","6,399,061","63.34"
"ICICIBANK","EQ","02-Jun-2022","752.65","751.05","751.75","743.20","750.90","749.75","747.47","10,949,759","8,184,621,800.05","142,491","6,699,007","61.18"
"ICICIBANK","EQ","03-Jun-2022","749.75","756.15","757.00","741.20","744.95","744.30","750.04","8,563,791","6,423,225,748.15","112,182","5,667,141","66.18"
"ICICIBANK","EQ","06-Jun-2022","744.30","740.20","750.95","739.60","746.75","746.75","746.90","9,107,831","6,802,672,801.90","128,668","4,635,911","50.90"
"ICICIBANK","EQ","07-Jun-2022","746.75","741.00","742.95","732.35","735.00","735.25","737.02","9,938,912","7,325,140,864.70","126,022","6,076,335","61.14"
"ICICIBANK","EQ","08-Jun-2022","735.25","736.60","741.00","726.45","727.70","729.50","733.36","9,369,224","6,871,044,601.80","150,198","5,297,473","56.54"
"ICICIBANK","EQ","09-Jun-2022","729.50","725.00","734.10","722.15","732.25","732.75","728.70","7,444,368","5,424,687,221.10","115,608","4,430,301","59.51"
"ICICIBANK","EQ","10-Jun-2022","732.75","724.75","728.30","718.00","720.20","720.00","722.41","7,990,818","5,772,616,113.00","146,181","5,081,915","63.60"
"ICICIBANK","EQ","13-Jun-2022","720.00","702.25","702.30","682.10","688.00","688.00","688.30","16,622,521","11,441,347,875.85","333,111","10,824,414","65.12"
"ICICIBANK","EQ","14-Jun-2022","688.00","682.40","694.65","680.65","684.95","685.50","688.18","13,348,598","9,186,213,617.45","222,689","8,494,430","63.64"
"ICICIBANK","EQ","15-Jun-2022","685.50","687.50","696.35","686.10","688.00","687.25","691.05","9,199,591","6,357,344,112.65","137,784","5,628,187","61.18"
"ICICIBANK","EQ","16-Jun-2022","687.25","700.00","700.05","676.30","678.00","678.50","688.36","13,237,239","9,111,965,722.85","183,912","7,576,433","57.24"
"ICICIBANK","EQ","17-Jun-2022","678.50","671.25","692.65","669.95","689.00","686.85","682.87","16,335,613","11,155,053,062.50","230,515","9,184,818","56.23"
"ICICIBANK","EQ","20-Jun-2022","686.85","686.00","687.80","677.60","685.70","685.95","683.78","10,981,042","7,508,595,408.60","145,020","5,455,705","49.68"
"ICICIBANK","EQ","21-Jun-2022","685.95","690.55","708.00","688.60","695.50","696.10","698.88","13,319,648","9,308,806,644.95","212,532","7,847,958","58.92"
"ICICIBANK","EQ","22-Jun-2022","696.10","694.25","698.90","685.10","687.20","686.60","690.30","6,838,249","4,720,421,863.45","116,347","3,596,751","52.60"
"ICICIBANK","EQ","23-Jun-2022","686.60","690.20","706.00","687.00","699.95","699.15","699.36","14,960,412","10,462,647,701.30","198,477","6,246,539","41.75"
"ICICIBANK","EQ","24-Jun-2022","699.15","710.90","715.25","706.55","714.25","713.45","711.44","10,856,736","7,723,925,004.00","151,815","6,514,710","60.01"
"ICICIBANK","EQ","27-Jun-2022","713.45","728.85","728.85","716.10","718.25","717.35","720.12","8,285,225","5,966,357,490.30","136,976","4,845,235","58.48"
"ICICIBANK","EQ","28-Jun-2022","717.35","711.05","717.30","707.00","712.00","710.30","711.76","8,339,931","5,935,990,106.75","158,748","4,831,275","57.93"
"ICICIBANK","EQ","29-Jun-2022","710.30","704.95","706.70","700.95","702.50","702.75","703.50","9,570,557","6,732,909,412.95","157,875","6,514,448","68.07"
"ICICIBANK","EQ","30-Jun-2022","702.75","702.75","711.90","701.20","706.20","707.20","707.62","11,970,404","8,470,549,046.80","169,767","5,941,264","49.63"
"ICICIBANK","EQ","01-Jul-2022","707.20","703.45","706.75","694.10","706.00","703.90","700.56","9,884,899","6,924,952,031.05","180,274","5,051,161","51.10"
"ICICIBANK","EQ","04-Jul-2022","703.90","704.85","721.10","704.85","720.55","720.10","714.38","8,303,732","5,932,002,858.20","197,203","4,350,116","52.39"
"ICICIBANK","EQ","05-Jul-2022","720.10","723.05","732.15","718.10","718.10","719.45","726.29","11,460,367","8,323,607,106.80","182,824","7,679,739","67.01"
"ICICIBANK","EQ","06-Jul-2022","719.45","723.00","731.90","722.00","727.40","725.95","726.69","12,163,533","8,839,120,914.00","286,323","7,030,388","57.80"
"ICICIBANK","EQ","07-Jul-2022","725.95","735.95","744.00","733.00","741.30","742.00","738.05","10,374,018","7,656,576,843.90","166,184","5,987,770","57.72"
"ICICIBANK","EQ","08-Jul-2022","742.00","751.30","757.50","744.55","756.25","755.70","751.53","9,797,700","7,363,222,598.45","174,920","5,854,203","59.75"
"ICICIBANK","EQ","11-Jul-2022","755.70","755.00","771.55","755.00","769.55","769.50","764.57","12,440,573","9,511,697,762.55","168,953","8,388,501","67.43"
"ICICIBANK","EQ","12-Jul-2022","769.50","765.35","767.45","757.70","759.00","759.90","762.47","10,219,829","7,792,357,201.55","175,502","6,167,161","60.35"
"ICICIBANK","EQ","13-Jul-2022","759.90","764.75","764.75","749.90","753.20","753.20","757.28","8,674,121","6,568,757,637.50","117,989","4,864,678","56.08"
"ICICIBANK","EQ","14-Jul-2022","753.20","750.00","759.50","748.80","749.55","752.40","752.71","7,044,542","5,302,506,198.75","115,464","4,174,626","59.26"
"ICICIBANK","EQ","15-Jul-2022","752.40","753.25","759.00","744.20","751.55","751.20","749.10","6,358,018","4,762,765,419.20","86,230","3,664,603","57.64"
"ICICIBANK","EQ","18-Jul-2022","751.20","759.25","773.15","757.85","772.00","772.00","766.17","8,045,363","6,164,124,843.05","168,195","5,326,095","66.20"
"ICICIBANK","EQ","19-Jul-2022","772.00","767.80","782.00","767.15","779.50","780.65","775.91","12,825,591","9,951,447,327.70","167,734","8,153,325","63.57"
"ICICIBANK","EQ","20-Jul-2022","780.65","789.50","789.55","780.30","781.25","783.10","784.92","8,152,179","6,398,831,064.95","177,137","5,137,239","63.02"
"ICICIBANK","EQ","21-Jul-2022","783.10","784.90","788.95","780.10","785.05","786.00","785.55","8,312,338","6,529,766,850.90","178,974","5,279,112","63.51"
"ICICIBANK","EQ","22-Jul-2022","786.00","789.10","803.90","789.10","799.60","800.05","797.68","12,267,898","9,785,903,281.00","243,865","7,770,271","63.34"
"ICICIBANK","BL","25-Jul-2022","692.35","800.05","800.05","800.05","800.05","800.05","800.05","7,175,469","5,740,733,973.45","1","-","-"
"ICICIBANK","EQ","25-Jul-2022","800.05","803.00","817.80","797.10","800.00","800.90","805.25","21,034,148","16,937,819,655.65","284,955","9,709,224","46.16"
"ICICIBANK","EQ","26-Jul-2022","800.90","801.60","802.80","791.65","795.90","796.30","797.45","7,374,145","5,880,494,834.70","155,059","3,767,022","51.08"
"ICICIBANK","EQ","27-Jul-2022","796.30","795.00","803.80","794.65","800.50","800.50","800.02","9,536,564","7,629,429,245.85","156,226","6,154,090","64.53"
"ICICIBANK","EQ","28-Jul-2022","800.50","806.95","815.50","805.30","813.05","814.60","810.70","11,124,518","9,018,672,407.00","234,427","7,094,602","63.77"
"ICICIBANK","EQ","29-Jul-2022","814.60","820.65","823.40","808.00","818.70","818.60","815.68","11,095,993","9,050,771,454.20","180,910","7,212,288","65.00"
"ICICIBANK","EQ","01-Aug-2022","818.60","820.70","825.00","817.30","824.45","823.40","822.56","7,974,903","6,559,854,903.40","143,635","4,645,204","58.25"
"ICICIBANK","EQ","02-Aug-2022","823.40","820.00","822.00","812.20","814.80","817.75","817.32","11,106,772","9,077,814,094.15","209,129","6,906,789","62.19"
"ICICIBANK","EQ","03-Aug-2022","817.75","817.75","828.00","811.55","826.95","824.80","818.65","11,073,975","9,065,694,975.80","189,053","7,604,666","68.67"
"ICICIBANK","EQ","04-Aug-2022","824.80","824.00","829.95","808.35","818.90","820.25","819.09","11,113,742","9,103,124,551.80","221,570","6,856,925","61.70"
"ICICIBANK","EQ","05-Aug-2022","820.25","823.10","840.90","823.10","837.00","838.20","834.94","16,056,522","13,406,218,176.65","197,153","9,933,579","61.87"
"ICICIBANK","BL","08-Aug-2022","800.05","838.20","838.20","838.20","838.20","838.20","838.20","7,175,470","6,014,478,954.00","1","-","-"
"ICICIBANK","EQ","08-Aug-2022","838.20","836.60","842.30","831.15","837.20","836.95","836.46","12,142,951","10,157,138,986.25","141,151","7,607,407","62.65"
"ICICIBANK","EQ","10-Aug-2022","836.95","842.15","853.00","842.15","849.15","848.75","849.24","23,658,553","20,091,783,366.75","221,875","11,795,642","49.86"
"ICICIBANK","EQ","11-Aug-2022","848.75","860.05","866.50","858.10","859.80","859.70","863.17","22,787,391","19,669,332,999.55","221,299","13,046,334","57.25"
"ICICIBANK","EQ","12-Aug-2022","859.70","863.95","877.25","858.50","876.85","874.40","867.38","10,792,853","9,361,537,720.35","230,632","6,406,566","59.36"
"ICICIBANK","EQ","16-Aug-2022","874.40","881.45","884.50","876.40","881.15","879.25","879.32","13,804,836","12,138,846,388.80","246,867","9,467,397","68.58"
"ICICIBANK","EQ","17-Aug-2022","879.25","881.80","885.50","878.40","882.60","883.25","881.12","9,058,040","7,981,256,354.65","188,417","5,381,930","59.42"
"ICICIBANK","EQ","18-Aug-2022","883.25","880.55","887.65","875.05","886.20","885.10","880.18","13,137,856","11,563,737,457.55","183,462","8,263,442","62.90"
"ICICIBANK","EQ","19-Aug-2022","885.10","885.00","886.90","864.30","868.00","870.40","872.65","10,787,199","9,413,402,164.05","173,808","7,325,116","67.91"
"ICICIBANK","EQ","22-Aug-2022","870.40","865.55","867.40","849.60","854.00","852.25","854.90","13,848,023","11,838,705,024.65","319,703","10,454,063","75.49"
"ICICIBANK","EQ","23-Aug-2022","852.25","845.35","868.00","842.80","867.05","863.90","855.38","13,254,855","11,337,941,282.35","268,301","7,723,480","58.27"
"ICICIBANK","EQ","24-Aug-2022","863.90","857.05","875.35","857.05","873.05","873.30","868.06","10,494,109","9,109,516,505.20","198,776","7,024,489","66.94"
"ICICIBANK","EQ","25-Aug-2022","873.30","873.30","881.45","866.70","868.65","872.35","876.91","9,827,829","8,618,092,128.15","186,684","6,270,546","63.80"
"ICICIBANK","EQ","26-Aug-2022","872.35","874.15","877.50","867.30","872.35","870.85","871.73","5,976,725","5,210,061,333.95","116,572","3,056,926","51.15"
"ICICIBANK","EQ","29-Aug-2022","870.85","850.05","861.00","847.00","858.35","855.85","856.05","7,755,134","6,638,782,713.60","191,595","4,591,536","59.21"
"ICICIBANK","EQ","30-Aug-2022","855.85","860.50","890.75","859.10","889.00","887.30","878.34","12,544,701","11,018,500,867.85","196,584","8,161,039","65.06"
"ICICIBANK","EQ","01-Sep-2022","887.30","863.00","885.70","863.00","875.45","874.35","875.85","15,877,583","13,906,346,391.00","365,650","8,873,913","55.89"
"ICICIBANK","EQ","02-Sep-2022","874.35","874.10","881.30","867.00","871.50","872.40","873.53","8,401,284","7,338,754,903.55","133,746","5,014,400","59.69"
"ICICIBANK","EQ","05-Sep-2022","872.40","871.55","885.90","871.55","881.25","882.45","882.67","8,744,999","7,718,912,945.40","166,896","5,712,501","65.32"
"ICICIBANK","EQ","06-Sep-2022","882.45","882.50","889.95","878.10","884.00","883.65","885.28","9,879,326","8,745,970,096.60","138,740","5,998,607","60.72"
"ICICIBANK","EQ","07-Sep-2022","883.65","878.55","882.65","872.50","876.90","876.20","876.73","8,814,960","7,728,334,707.35","156,786","5,641,576","64.00"
"ICICIBANK","EQ","08-Sep-2022","876.20","885.50","900.80","885.50","899.60","898.80","896.74","12,163,106","10,907,179,000.60","195,229","6,303,272","51.82"
"ICICIBANK","EQ","09-Sep-2022","898.80","910.15","911.95","897.70","901.75","901.25","903.27","9,936,230","8,975,058,998.30","229,382","6,035,958","60.75"
"ICICIBANK","EQ","12-Sep-2022","901.25","905.05","908.90","902.80","907.00","907.20","905.92","6,016,978","5,450,905,106.00","185,502","3,806,298","63.26"
"ICICIBANK","EQ","13-Sep-2022","907.20","913.95","913.95","905.30","909.20","910.00","908.67","10,400,475","9,450,645,891.55","143,712","7,730,067","74.32"
"ICICIBANK","EQ","14-Sep-2022","910.00","898.25","922.25","898.05","919.00","918.10","915.39","14,712,947","13,468,057,510.15","228,766","9,304,663","63.24"
"ICICIBANK","EQ","15-Sep-2022","918.10","920.00","936.65","915.75","917.00","917.60","923.17","16,253,099","15,004,384,616.20","312,531","10,430,661","64.18"
"ICICIBANK","EQ","16-Sep-2022","917.60","914.90","917.60","905.20","911.35","909.10","910.26","11,966,860","10,892,964,390.55","199,108","8,408,878","70.27"
"ICICIBANK","EQ","19-Sep-2022","909.10","904.95","912.50","895.35","902.00","899.20","903.11","11,235,656","10,147,048,716.25","187,181","7,405,236","65.91"
"ICICIBANK","EQ","20-Sep-2022","899.20","909.20","922.50","907.35","916.10","916.75","918.54","12,090,663","11,105,792,368.85","190,619","8,624,950","71.34"
"ICICIBANK","EQ","21-Sep-2022","916.75","912.00","917.00","905.65","916.75","915.25","913.17","8,917,640","8,143,309,882.25","133,616","5,779,904","64.81"
"ICICIBANK","EQ","22-Sep-2022","915.25","906.00","911.70","895.30","902.75","903.40","904.27","11,125,669","10,060,577,917.60","168,936","7,437,921","66.85"
"ICICIBANK","EQ","23-Sep-2022","903.40","901.70","904.90","878.75","883.90","882.25","888.24","15,927,517","14,147,416,773.20","256,991","10,633,901","66.76"
"ICICIBANK","EQ","26-Sep-2022","882.25","870.00","877.90","859.20","861.00","861.05","866.07","14,208,640","12,305,637,953.95","327,078","9,857,802","69.38"
"ICICIBANK","EQ","27-Sep-2022","861.05","864.95","874.85","848.60","858.00","852.55","857.64","12,493,809","10,715,153,529.50","214,752","8,317,892","66.58"
"ICICIBANK","EQ","28-Sep-2022","852.55","844.00","863.25","844.00","848.90","849.50","854.48","11,411,458","9,750,826,226.65","185,710","6,899,411","60.46"
"ICICIBANK","EQ","29-Sep-2022","849.50","858.00","861.60","841.10","844.00","843.90","847.83","13,803,629","11,703,134,585.85","287,382","9,476,368","68.65"
"ICICIBANK","EQ","30-Sep-2022","843.90","843.90","867.05","837.50","866.80","862.00","855.84","13,175,031","11,275,779,669.25","245,257","7,911,537","60.05"
"ICICIBANK","BL","03-Oct-2022","838.20","862.00","862.00","862.00","862.00","862.00","862.00","6,021,387","5,190,435,594.00","1","-","-"
"ICICIBANK","EQ","03-Oct-2022","862.00","859.70","860.95","845.70","846.45","848.35","851.72","8,232,026","7,011,416,757.00","170,509","5,439,994","66.08"
"ICICIBANK","EQ","04-Oct-2022","848.35","865.00","872.65","860.10","868.00","867.65","867.99","8,975,095","7,790,275,639.05","150,804","6,102,225","67.99"
"ICICIBANK","EQ","06-Oct-2022","867.65","873.05","891.70","873.05","885.40","885.45","884.75","12,116,698","10,720,289,234.00","231,402","7,422,223","61.26"
"ICICIBANK","EQ","07-Oct-2022","885.45","877.20","884.50","872.80","883.25","882.55","878.09","9,705,750","8,522,516,082.95","152,298","6,945,671","71.56"
"ICICIBANK","EQ","10-Oct-2022","882.55","872.00","889.80","870.70","881.80","881.75","880.14","7,357,588","6,475,691,854.35","138,552","4,241,871","57.65"
"ICICIBANK","BL","11-Oct-2022","862.00","881.75","881.75","881.75","881.75","881.75","881.75","6,017,830","5,306,221,602.50","1","-","-"
"ICICIBANK","EQ","11-Oct-2022","881.75","883.25","883.25","865.45","866.55","870.60","875.95","11,130,051","9,749,341,477.60","161,261","7,571,458","68.03"
"ICICIBANK","EQ","12-Oct-2022","870.60","867.95","871.70","861.50","867.85","868.35","865.03","14,557,532","12,592,710,781.60","193,111","8,965,377","61.59"
"ICICIBANK","EQ","13-Oct-2022","868.35","862.35","865.45","850.50","854.00","853.60","858.89","11,563,124","9,931,465,584.75","140,406","6,325,596","54.70"
"ICICIBANK","EQ","14-Oct-2022","853.60","883.80","883.80","868.55","872.00","870.25","872.33","8,199,540","7,152,730,568.25","142,205","4,561,607","55.63"
"ICICIBANK","EQ","17-Oct-2022","870.25","872.00","887.50","868.55","886.50","885.20","881.18","8,936,947","7,875,066,442.95","170,160","4,347,350","48.64"
"ICICIBANK","EQ","18-Oct-2022","885.20","896.05","900.70","891.15","896.40","896.90","895.57","8,097,552","7,251,949,045.75","143,886","4,261,945","52.63"
"ICICIBANK","EQ","19-Oct-2022","896.90","900.05","900.65","885.55","891.15","892.10","892.22","5,529,462","4,933,522,965.65","114,646","2,747,453","49.69"
"ICICIBANK","EQ","20-Oct-2022","892.10","889.70","893.30","880.10","891.50","888.65","885.65","8,107,159","7,180,142,054.15","160,085","4,999,234","61.66"
"ICICIBANK","EQ","21-Oct-2022","888.65","888.00","910.00","885.70","909.80","907.15","902.83","17,022,807","15,368,760,177.85","227,093","11,281,801","66.27"
"ICICIBANK","EQ","24-Oct-2022","907.15","925.00","933.50","917.60","933.25","926.30","924.36","4,390,050","4,057,980,845.85","71,954","1,466,761","33.41"
"ICICIBANK","BL","25-Oct-2022","881.75","926.30","926.30","926.30","926.30","926.30","926.30","3,916,127","3,627,508,440.10","1","-","-"
"ICICIBANK","EQ","25-Oct-2022","926.30","942.05","943.25","922.95","924.00","925.05","931.85","15,838,120","14,758,688,905.35","249,408","9,168,086","57.89"
"ICICIBANK","EQ","27-Oct-2022","925.05","926.05","933.70","920.25","924.00","924.40","926.31","16,080,842","14,895,863,319.95","255,886","11,305,647","70.31"
"ICICIBANK","EQ","28-Oct-2022","924.40","918.00","927.50","901.00","909.25","907.85","909.80","9,854,094","8,965,214,205.10","202,171","6,039,032","61.28"
"ICICIBANK","EQ","31-Oct-2022","907.85","912.60","917.05","904.60","908.75","908.70","908.96","9,000,840","8,181,433,290.85","133,238","6,099,509","67.77"
"ICICIBANK","EQ","01-Nov-2022","908.70","921.00","921.00","899.55","908.25","908.60","908.90","9,823,761","8,928,768,972.20","164,172","6,098,487","62.08"
"ICICIBANK","EQ","02-Nov-2022","908.60","920.60","920.75","902.35","904.00","904.70","907.25","7,690,974","6,977,621,950.40","109,846","4,661,671","60.61"
"ICICIBANK","EQ","03-Nov-2022","904.70","901.05","913.85","897.05","909.00","908.65","906.69","9,022,366","8,180,480,595.10","182,971","5,075,752","56.26"
"ICICIBANK","EQ","04-Nov-2022","908.65","906.30","913.40","900.20","907.10","905.30","905.98","7,099,336","6,431,850,112.45","139,696","4,635,901","65.30"
"ICICIBANK","EQ","07-Nov-2022","905.30","910.25","920.10","903.45","917.30","917.50","911.72","11,100,219","10,120,250,714.55","162,745","7,992,154","72.00"
"ICICIBANK","EQ","09-Nov-2022","917.50","920.00","921.90","905.75","907.45","910.50","911.38","11,590,409","10,563,212,738.35","175,038","7,082,974","61.11"
"ICICIBANK","EQ","10-Nov-2022","910.50","907.55","912.95","903.95","910.00","910.70","908.10","10,009,741","9,089,881,670.65","191,241","7,089,188","70.82"
"ICICIBANK","EQ","11-Nov-2022","910.70","925.90","928.00","903.50","907.35","906.55","911.75","17,921,457","16,339,858,260.10","258,767","12,396,851","69.17"
"ICICIBANK","BL","14-Nov-2022","926.30","906.55","906.55","906.55","906.55","906.55","906.55","7,279,023","6,598,798,300.65","1","-","-"
"ICICIBANK","EQ","14-Nov-2022","906.55","905.00","906.55","891.25","894.10","894.95","895.92","12,641,308","11,325,565,904.75","258,453","8,910,658","70.49"
"ICICIBANK","EQ","15-Nov-2022","894.95","900.55","913.65","898.80","913.20","911.70","907.00","15,176,911","13,765,421,493.50","217,251","10,743,670","70.79"
"ICICIBANK","EQ","16-Nov-2022","911.70","912.55","918.10","908.10","912.75","913.60","912.91","13,008,311","11,875,476,243.80","189,926","8,943,872","68.76"
"ICICIBANK","EQ","17-Nov-2022","913.60","913.00","922.30","910.35","919.00","919.80","919.26","12,584,194","11,568,199,753.85","181,213","9,141,828","72.65"
"ICICIBANK","EQ","18-Nov-2022","919.80","919.80","922.00","910.55","921.00","920.35","915.43","10,874,061","9,954,473,141.40","227,721","7,809,313","71.82"
"ICICIBANK","EQ","21-Nov-2022","920.35","914.05","924.80","914.05","921.00","921.40","921.41","9,245,704","8,519,092,468.35","161,261","6,517,725","70.49"
"ICICIBANK","EQ","22-Nov-2022","921.40","923.75","926.50","920.40","922.65","923.70","924.17","11,256,509","10,402,963,206.05","173,058","8,663,053","76.96"
"ICICIBANK","EQ","23-Nov-2022","923.70","927.00","931.85","923.70","926.50","927.45","927.21","10,959,704","10,161,973,011.95","145,719","8,711,945","79.49"
"ICICIBANK","EQ","24-Nov-2022","927.45","927.55","940.65","927.55","939.00","938.85","934.54","10,844,395","10,134,561,085.30","164,966","7,599,527","70.08"
"ICICIBANK","EQ","25-Nov-2022","938.85","940.30","942.90","927.50","930.00","930.30","933.39","9,815,055","9,161,251,493.10","135,171","7,260,705","73.98"
"ICICIBANK","EQ","28-Nov-2022","930.30","924.00","943.80","923.95","936.25","937.40","937.26","9,381,474","8,792,894,852.00","176,335","6,880,685","73.34"
"ICICIBANK","EQ","29-Nov-2022","937.40","933.55","949.90","933.55","946.85","946.75","947.15","13,096,845","12,404,681,919.65","244,003","9,804,723","74.86"
"ICICIBANK","EQ","30-Nov-2022","946.75","948.05","958.20","941.00","952.50","952.90","949.62","20,858,573","19,807,799,762.10","280,362","15,610,880","74.84"
"ICICIBANK","EQ","01-Dec-2022","952.90","956.00","957.00","936.25","939.45","940.20","943.02","15,920,653","15,013,557,080.95","357,956","11,004,525","69.12"
"ICICIBANK","EQ","02-Dec-2022","940.20","928.25","934.50","926.10","929.00","930.60","929.76","14,228,874","13,229,370,582.80","285,525","10,640,084","74.78"
"ICICIBANK","EQ","05-Dec-2022","930.60","937.00","937.00","928.40","933.90","933.60","932.34","10,984,608","10,241,403,399.55","252,201","8,258,310","75.18"
"ICICIBANK","EQ","06-Dec-2022","933.60","925.00","929.75","920.20","922.30","922.65","923.50","18,220,912","16,826,984,129.25","297,290","14,802,682","81.24"
"ICICIBANK","EQ","07-Dec-2022","922.65","922.00","933.20","920.65","923.00","922.15","925.10","15,675,663","14,501,590,969.30","293,451","11,326,139","72.25"
"ICICIBANK","EQ","08-Dec-2022","922.15","925.00","933.55","923.80","933.20","931.90","928.62","10,136,870","9,413,260,723.95","230,964","7,241,231","71.43"
"ICICIBANK","EQ","09-Dec-2022","931.90","932.00","934.80","925.05","930.25","929.90","929.77","9,575,331","8,902,841,019.45","198,805","7,070,548","73.84"
"ICICIBANK","EQ","12-Dec-2022","929.90","925.05","933.90","925.05","931.45","930.30","929.49","8,493,863","7,894,965,642.05","186,060","5,906,509","69.54"
"ICICIBANK","EQ","13-Dec-2022","930.30","929.50","935.90","927.80","932.65","932.95","932.16","10,415,140","9,708,526,755.65","214,803","7,690,955","73.84"
"ICICIBANK","EQ","14-Dec-2022","932.95","936.00","936.05","920.00","921.00","921.75","926.88","12,319,827","11,418,977,888.25","251,119","9,322,349","75.67"
"ICICIBANK","EQ","15-Dec-2022","921.75","916.00","919.90","905.00","905.75","908.80","915.06","8,929,748","8,171,268,105.35","223,689","5,783,490","64.77"
"ICICIBANK","EQ","16-Dec-2022","908.80","905.50","913.70","899.65","904.80","902.00","904.37","9,157,260","8,281,555,244.65","164,054","5,674,148","61.96"
"ICICIBANK","EQ","19-Dec-2022","902.00","908.00","910.60","901.15","906.95","906.45","905.59","7,015,083","6,352,814,383.75","171,206","4,360,753","62.16"
"ICICIBANK","EQ","20-Dec-2022","906.45","906.00","912.45","895.70","910.30","909.70","902.50","6,384,331","5,761,875,439.25","170,377","3,753,703","58.80"
"ICICIBANK","EQ","21-Dec-2022","909.70","910.25","915.85","887.00","893.60","892.25","899.25","11,341,147","10,198,507,174.85","204,493","7,060,069","62.25"
"ICICIBANK","EQ","22-Dec-2022","892.25","900.50","903.85","886.35","890.40","890.65","891.61","9,788,367","8,727,387,624.60","193,085","5,677,336","58.00"
"ICICIBANK","EQ","23-Dec-2022","890.65","883.05","889.65","875.30","877.60","878.90","882.07","11,059,215","9,754,983,095.10","212,266","6,606,945","59.74"
"ICICIBANK","EQ","26-Dec-2022","878.90","881.10","897.00","875.25","893.50","893.20","886.90","6,943,159","6,157,893,509.20","164,660","3,797,589","54.70"
"ICICIBANK","EQ","27-Dec-2022","893.20","897.70","902.75","888.20","902.40","900.65","894.77","4,994,381","4,468,825,838.65","140,858","2,362,626","47.31"
"ICICIBANK","EQ","28-Dec-2022","900.65","896.00","903.95","895.80","898.55","898.95","900.03","8,980,300","8,082,499,124.05","172,803","5,711,195","63.60"
"ICICIBANK","EQ","29-Dec-2022","898.95","897.90","923.35","889.35","908.00","908.05","901.32","11,994,220","10,810,676,472.85","185,537","8,493,964","70.82"
"ICICIBANK","EQ","30-Dec-2022","908.05","908.50","908.50","888.55","892.95","890.85","895.26","9,688,527","8,673,718,142.55","171,992","6,662,775","68.77"
"ICICIBANK","EQ","02-Jan-2023","890.85","894.00","907.00","894.00","902.90","902.45","902.29","4,315,403","3,893,736,998.30","111,275","1,686,057","39.07"
"ICICIBANK","EQ","03-Jan-2023","902.45","898.50","905.95","896.75","902.25","901.35","901.33","5,846,855","5,269,963,293.45","143,214","3,301,312","56.46"
"ICICIBANK","EQ","04-Jan-2023","901.35","899.00","907.90","894.80","897.65","899.10","900.40","12,454,582","11,214,098,871.85","190,863","8,832,116","70.91"
"ICICIBANK","EQ","05-Jan-2023","899.10","900.90","903.00","872.00","878.70","879.15","882.76","16,547,196","14,607,251,958.95","315,266","11,944,691","72.19"
"ICICIBANK","EQ","06-Jan-2023","879.15","878.95","878.95","860.50","870.50","870.10","867.75","14,804,613","12,846,729,988.40","348,623","10,880,703","73.50"
"ICICIBANK","EQ","09-Jan-2023","870.10","874.25","878.75","862.30","872.60","873.35","871.82","16,811,853","14,656,950,878.55","327,857","11,603,423","69.02"
"ICICIBANK","EQ","10-Jan-2023","873.35","875.40","878.40","856.60","862.95","861.35","864.58","13,470,142","11,646,033,495.35","215,543","9,812,958","72.85"
"ICICIBANK","EQ","11-Jan-2023","861.35","862.90","870.85","854.85","864.80","866.30","864.28","15,558,460","13,446,933,979.35","197,478","11,163,263","71.75"
"ICICIBANK","EQ","12-Jan-2023","866.30","865.50","869.35","854.95","862.75","860.65","859.42","16,659,001","14,317,157,904.20","259,039","11,768,553","70.64"
"ICICIBANK","EQ","13-Jan-2023","860.65","864.70","874.90","858.30","871.00","873.45","866.61","11,223,103","9,726,068,090.25","225,250","7,017,342","62.53"
"ICICIBANK","EQ","16-Jan-2023","873.45","877.25","877.45","861.05","865.00","865.25","868.11","8,319,812","7,222,529,787.90","159,291","5,208,807","62.61"
"ICICIBANK","EQ","17-Jan-2023","865.25","866.95","867.95","858.10","867.00","865.15","863.24","12,624,859","10,898,250,398.60","196,226","8,830,415","69.94"
"ICICIBANK","EQ","18-Jan-2023","865.15","864.45","872.00","858.65","870.25","869.50","866.74","11,313,898","9,806,232,660.85","211,640","7,787,299","68.83"
"ICICIBANK","EQ","19-Jan-2023","869.50","868.00","870.55","862.00","865.10","866.15","865.90","6,694,679","5,796,899,732.40","147,146","4,427,953","66.14"
"ICICIBANK","EQ","20-Jan-2023","866.15","873.50","876.50","865.55","871.65","870.35","870.69","8,127,162","7,076,227,350.10","164,516","4,395,392","54.08"
"ICICIBANK","EQ","23-Jan-2023","870.35","882.00","883.30","864.60","869.60","871.70","873.36","16,882,379","14,744,434,016.05","330,840","9,919,200","58.75"
"ICICIBANK","EQ","24-Jan-2023","871.70","879.00","881.70","868.00","871.95","870.75","873.20","11,504,090","10,045,411,021.55","242,240","8,244,152","71.66"
"ICICIBANK","EQ","25-Jan-2023","870.75","873.30","876.80","848.00","856.50","855.30","857.85","14,918,485","12,797,796,474.70","339,880","9,429,007","63.20"
"ICICIBANK","EQ","27-Jan-2023","855.30","839.15","843.00","813.10","818.25","817.20","823.50","39,718,683","32,708,502,959.15","533,517","30,454,164","76.67"
"ICICIBANK","EQ","30-Jan-2023","817.20","800.00","826.25","796.00","824.45","823.50","812.34","36,301,441","29,489,195,521.90","448,334","24,551,150","67.63"
"ICICIBANK","EQ","31-Jan-2023","823.50","826.00","838.30","814.10","835.00","831.90","827.51","27,291,226","22,583,783,062.65","350,859","18,891,874","69.22"
"ICICIBANK","EQ","01-Feb-2023","831.90","843.45","875.20","823.15","850.05","847.95","853.18","39,237,711","33,476,849,764.25","379,335","26,616,067","67.83"
"ICICIBANK","EQ","02-Feb-2023","847.95","828.40","860.60","826.10","857.05","857.90","846.44","16,798,190","14,218,722,020.65","270,719","9,881,479","58.82"
"ICICIBANK","EQ","03-Feb-2023","857.90","864.65","872.65","852.10","862.50","863.80","863.15","14,914,366","12,873,394,076.30","258,409","9,911,583","66.46"
"ICICIBANK","EQ","06-Feb-2023","863.80","861.50","867.80","849.65","856.30","853.70","855.18","8,463,833","7,238,082,471.85","172,873","5,307,080","62.70"
"ICICIBANK","EQ","07-Feb-2023","853.70","855.00","856.00","847.20","852.10","852.75","851.64","9,337,066","7,951,799,843.00","159,808","6,215,861","66.57"
"ICICIBANK","EQ","08-Feb-2023","852.75","852.50","860.70","851.90","856.55","859.10","857.02","8,082,983","6,927,305,066.30","151,665","5,315,932","65.77"
"ICICIBANK","EQ","09-Feb-2023","859.10","858.50","864.90","851.60","860.50","860.80","859.62","6,299,265","5,414,977,210.15","114,269","4,282,673","67.99"
"ICICIBANK","EQ","10-Feb-2023","860.80","855.55","861.90","852.00","855.40","853.85","856.06","8,656,405","7,410,435,746.50","299,200","5,987,802","69.17"
"ICICIBANK","EQ","13-Feb-2023","853.85","853.40","859.30","849.35","849.50","850.65","853.79","9,394,365","8,020,854,846.10","153,234","6,142,206","65.38"
"ICICIBANK","EQ","14-Feb-2023","850.65","853.90","867.30","852.10","865.00","865.30","859.91","13,402,934","11,525,283,230.70","237,450","8,229,963","61.40"
"ICICIBANK","EQ","15-Feb-2023","865.30","866.40","873.25","860.60","872.40","870.80","865.09","12,070,288","10,441,897,134.05","194,686","8,171,234","67.70"
"ICICIBANK","EQ","16-Feb-2023","870.80","875.95","877.80","864.85","866.85","869.45","872.17","10,715,685","9,345,945,594.45","294,581","7,347,668","68.57"
"ICICIBANK","EQ","17-Feb-2023","869.45","867.55","867.55","855.15","862.00","862.65","861.24","9,990,618","8,604,355,548.40","166,073","4,082,732","40.87"
"ICICIBANK","EQ","20-Feb-2023","862.65","862.65","866.55","850.25","853.15","852.10","857.70","9,013,430","7,730,821,931.20","183,409","4,003,795","44.42"
"ICICIBANK","EQ","21-Feb-2023","852.10","854.40","859.45","846.85","854.85","854.20","853.57","11,704,445","9,990,567,240.30","233,352","4,401,063","37.60"
"ICICIBANK","EQ","22-Feb-2023","854.20","851.25","854.10","834.75","837.45","839.25","844.61","13,880,984","11,724,069,965.10","190,655","6,533,847","47.07"
"ICICIBANK","EQ","23-Feb-2023","839.25","836.55","844.45","833.55","840.70","839.75","838.70","11,743,574","9,849,307,806.70","165,727","5,435,929","46.29"
"ICICIBANK","EQ","24-Feb-2023","839.75","843.95","845.60","835.55","839.95","839.70","840.26","8,246,139","6,928,911,922.70","174,647","4,666,288","56.59"
"ICICIBANK","EQ","27-Feb-2023","839.70","833.55","858.30","833.55","857.90","856.40","848.93","14,422,574","12,243,799,621.55","205,067","7,200,717","49.93"
"ICICIBANK","EQ","28-Feb-2023","856.40","854.90","858.00","850.00","854.15","854.85","853.72","19,600,146","16,733,073,110.85","208,771","10,412,171","53.12"
"ICICIBANK","EQ","01-Mar-2023","854.85","864.00","864.00","851.85","856.10","856.30","857.22","11,015,843","9,443,055,261.20","217,804","5,069,489","46.02"
"ICICIBANK","EQ","02-Mar-2023","856.30","853.00","861.85","851.10","852.10","854.00","858.06","12,327,141","10,577,465,279.10","186,314","4,975,761","40.36"
"ICICIBANK","EQ","03-Mar-2023","854.00","856.75","873.00","849.85","866.50","868.55","866.99","12,823,098","11,117,545,319.00","200,269","5,929,044","46.24"
"ICICIBANK","EQ","06-Mar-2023","868.55","871.75","876.85","865.35","868.60","867.75","870.34","13,904,231","12,101,444,323.30","188,956","4,998,588","35.95"
"ICICIBANK","EQ","08-Mar-2023","867.75","866.65","873.65","861.50","872.00","872.10","866.21","16,144,568","13,984,506,148.35","211,371","6,397,127","39.62"
"ICICIBANK","EQ","09-Mar-2023","872.10","867.20","869.80","854.15","856.40","855.95","862.74","10,624,440","9,166,163,272.80","174,754","5,313,701","50.01"
"ICICIBANK","EQ","10-Mar-2023","855.95","844.70","845.35","836.25","842.15","842.65","842.84","17,273,189","14,558,564,028.95","222,667","6,890,905","39.89"
"ICICIBANK","EQ","13-Mar-2023","842.65","841.45","855.30","823.95","830.00","828.40","841.10","16,413,159","13,805,160,212.15","265,017","6,081,479","37.05"
"ICICIBANK","EQ","14-Mar-2023","828.40","827.00","834.45","818.25","832.50","830.35","825.99","15,456,802","12,767,098,939.30","263,294","6,553,158","42.40"
"ICICIBANK","EQ","15-Mar-2023","830.35","836.45","843.95","822.20","823.40","825.90","833.09","12,914,488","10,758,985,936.30","191,124","3,184,487","24.66"
"ICICIBANK","EQ","16-Mar-2023","825.90","829.70","831.30","810.30","825.55","823.90","821.20","14,987,868","12,308,061,095.50","421,367","7,437,607","49.62"
"ICICIBANK","EQ","17-Mar-2023","823.90","831.80","838.40","818.65","838.00","836.25","828.45","11,104,490","9,199,538,620.00","231,625","5,046,765","45.45"
"ICICIBANK","EQ","20-Mar-2023","836.25","837.00","837.80","825.00","836.85","836.45","830.52","14,838,651","12,323,776,072.30","278,069","5,693,751","38.37"
"ICICIBANK","EQ","21-Mar-2023","836.45","843.00","854.50","839.05","851.75","852.40","846.11","18,755,854","15,869,462,815.95","224,691","6,640,570","35.41"
"ICICIBANK","EQ","22-Mar-2023","852.40","857.65","862.55","851.00","858.15","860.20","856.36","17,431,520","14,927,607,314.90","156,728","7,101,324","40.74"
"ICICIBANK","EQ","23-Mar-2023","860.20","857.00","867.45","852.80","854.10","855.45","862.06","17,920,621","15,448,661,801.95","214,120","7,575,584","42.27"
"ICICIBANK","EQ","24-Mar-2023","855.45","852.50","860.00","849.15","851.45","852.40","854.95","17,295,696","14,786,927,519.65","198,327","3,872,814","22.39"
"ICICIBANK","EQ","27-Mar-2023","852.40","854.95","856.40","844.05","846.90","848.70","849.34","17,047,675","14,479,194,037.90","218,983","3,375,671","19.80"
"ICICIBANK","EQ","28-Mar-2023","848.70","855.55","858.90","848.20","856.90","854.75","853.35","24,469,018","20,880,709,975.30","208,296","5,246,179","21.44"
"ICICIBANK","EQ","29-Mar-2023","854.75","857.05","862.10","848.00","855.00","851.00","854.88","34,881,515","29,819,416,000.65","285,499","14,767,286","42.34"
"ICICIBANK","EQ","31-Mar-2023","851.00","861.95","881.00","858.50","876.90","877.25","874.98","25,739,021","22,521,029,030.15","279,968","7,590,353","29.49"